"Term_Code","Term_Desc","Level","CRN","Subject","Number","Section","Session","Course_Status","Title","Meeting_Days","Meeting_Times","Building","Room","Seats_Avail","Start_Date","End_Date","Instructor","course_id","Campus","Delivery_Method","LOCATION"
202620,"Spring Term 2026",Undergraduate,20450,MATH,0803,001,01,Active,"FOUNDATIONS OF COLLEGE MATH",TR,"09:30 am-10:50 am",Corley,103,"-21 / 0 / 36",1/12/2026,5/6/2026,"Winn, Janet L.","MATH 0803 001, CRN-20450",M,,"Russellville On-campus"
202620,"Spring Term 2026",Undergraduate,20472,MATH,0803,002,01,Active,"FOUNDATIONS OF COLLEGE MATH",MWF,"09:00 am-09:50 am","Ross Pendergraft Library",331,"-24 / 0 / 30",1/12/2026,5/6/2026,"Growns, Landon C.","MATH 0803 002, CRN-20472",M,,"Russellville On-campus"
202620,"Spring Term 2026",Undergraduate,20483,MATH,0803,003,01,Active,"FOUNDATIONS OF COLLEGE MATH",MWF,"01:00 pm-01:50 pm",Corley,103,"-15 / 0 / 36",1/12/2026,5/6/2026,"Ballard, Kasey L.","MATH 0803 003, CRN-20483",M,,"Russellville On-campus"
202620,"Spring Term 2026",Undergraduate,20461,MATH,0803,TC1,01,Active,"FOUNDATIONS OF COLLEGE MATH",TBA,TBA,Unassigned,Unassigned,"-13 / 0 / na",1/12/2026,5/6/2026,"King, Jamie L.","MATH 0803 TC1, CRN-20461",M,"Web Only: Incl Proctored Exams","Russellville - Location Indeterminate"
202620,"Spring Term 2026",Undergraduate,20466,MATH,0903,001,01,Active,"BEGIN/INTERMEDIATE ALGEBRA",TR,"11:00 am-12:20 pm",Corley,104,"-19 / 0 / 36",1/12/2026,5/6/2026,"Hogan, Jessica L.","MATH 0903 001, CRN-20466",M,,"Russellville On-campus"
202620,"Spring Term 2026",Undergraduate,20452,MATH,0903,002,01,Active,"BEGIN/INTERMEDIATE ALGEBRA",MWF,"08:00 am-08:50 am",Corley,104,"-19 / 0 / 36",1/12/2026,5/6/2026,"Winn, Janet L.","MATH 0903 002, CRN-20452",M,,"Russellville On-campus"
202620,"Spring Term 2026",Undergraduate,20468,MATH,0903,TC1,01,Active,"BEGIN/INTERMEDIATE ALGEBRA",TBA,TBA,Unassigned,Unassigned,"-5 / 0 / na",1/12/2026,5/6/2026,"Hogan, Jessica L.","MATH 0903 TC1, CRN-20468",M,"Web Only: Incl Proctored Exams","Russellville - Location Indeterminate"
202620,"Spring Term 2026",Undergraduate,20451,MATH,1003,001,01,Active,"COLLEGE MATHEMATICS",MWF,"09:00 am-09:50 am",Corley,103,"-21 / 0 / 36",1/12/2026,5/6/2026,"Winn, Janet L.","MATH 1003 001, CRN-20451",M,,"Russellville On-campus"
202620,"Spring Term 2026",Undergraduate,20474,MATH,1003,002,01,Active,"COLLEGE MATHEMATICS",MWF,"10:00 am-10:50 am","Ross Pendergraft Library",331,"-24 / 0 / 30",1/12/2026,5/6/2026,"Growns, Landon C.","MATH 1003 002, CRN-20474",M,,"Russellville On-campus"
202620,"Spring Term 2026",Undergraduate,20484,MATH,1003,003,01,Active,"COLLEGE MATHEMATICS",MWF,"02:00 pm-02:50 pm",Corley,103,"-15 / 0 / 36",1/12/2026,5/6/2026,"Ballard, Kasey L.","MATH 1003 003, CRN-20484",M,,"Russellville On-campus"
202620,"Spring Term 2026",Undergraduate,20454,MATH,1003,005,01,Active,"COLLEGE MATHEMATICS",MWF,"10:00 am-10:50 am",Corley,104,"5 / 32 / 36",1/12/2026,5/6/2026,"Winn, Janet L.","MATH 1003 005, CRN-20454",M,,"Russellville On-campus"
202620,"Spring Term 2026",Undergraduate,20463,MATH,1003,006,01,Active,"COLLEGE MATHEMATICS",MWF,"09:00 am-09:50 am",Rothwell,221,"9 / 33 / 50",1/12/2026,5/6/2026,"King, Jamie L.","MATH 1003 006, CRN-20463",M,,"Russellville On-campus"
202620,"Spring Term 2026",Undergraduate,20954,MATH,1003,A01,01,Active,"COLLEGE MATHEMATICS",MW,"11:00 am-12:20 pm","Ozark Allied Health",111,"17 / 23 / 28",1/12/2026,5/6/2026,"Koone, Shelley D.","MATH 1003 A01, CRN-20954",M,,"Ozark On-campus"
202620,"Spring Term 2026",Undergraduate,20954,MATH,1003,A01,01,Active,"COLLEGE MATHEMATICS",MW,"11:00 am-12:20 pm","Ozark Allied Health",111,"17 / 23 / 28",1/12/2026,5/6/2026,"Ingram, Brianna R.","MATH 1003 A01, CRN-20954",M,,"Ozark On-campus"
202620,"Spring Term 2026",Undergraduate,20957,MATH,1003,A02,01,Active,"COLLEGE MATHEMATICS",TR,"09:30 am-10:50 am","Ozark Allied Health",111,"7 / 23 / 28",1/12/2026,5/6/2026,"Koone, Shelley D.","MATH 1003 A02, CRN-20957",M,,"Ozark On-campus"
202620,"Spring Term 2026",Undergraduate,20957,MATH,1003,A02,01,Active,"COLLEGE MATHEMATICS",TR,"09:30 am-10:50 am","Ozark Allied Health",111,"7 / 23 / 28",1/12/2026,5/6/2026,"Macy, Benjamin A.","MATH 1003 A02, CRN-20957",M,,"Ozark On-campus"
202620,"Spring Term 2026",Undergraduate,21140,MATH,1003,P01,01,Active,"COLLEGE MATHEMATICS",TBA,TBA,"Prairie Grove High School",PGHS,"-2 / 0 / 999",1/12/2026,5/6/2026,"Hubbard, Evan D.","MATH 1003 P01, CRN-21140",M,,"High School"
202620,"Spring Term 2026",Undergraduate,20462,MATH,1003,TC1,01,Active,"COLLEGE MATHEMATICS",TBA,TBA,Unassigned,Unassigned,"-13 / 0 / na",1/12/2026,5/6/2026,"King, Jamie L.","MATH 1003 TC1, CRN-20462",M,"Web Only: Incl Proctored Exams","Russellville - Location Indeterminate"
202620,"Spring Term 2026",Undergraduate,20464,MATH,1003,TC2,01,Active,"COLLEGE MATHEMATICS",TBA,TBA,Unassigned,Unassigned,"10 / 30 / na",1/12/2026,5/6/2026,"King, Jamie L.","MATH 1003 TC2, CRN-20464",M,"Web Only: Incl Proctored Exams","Russellville - Location Indeterminate"
202620,"Spring Term 2026",Undergraduate,20480,MATH,1110,003,01,Active,"COLLEGE ALGEBRA LAB",MW,"02:00 pm-02:50 pm",Rothwell,221,"-23 / 0 / 50",1/12/2026,5/6/2026,"Growns, Landon C.","MATH 1110 003, CRN-20480",M,,"Russellville On-campus"
202620,"Spring Term 2026",Undergraduate,21096,MATH,1110,ET1,01,Active,"COLLEGE ALGEBRA LAB",TBA,TBA,"Multiple High Schools (ET)",ET,"13 / 71 / 99999",1/12/2026,5/6/2026,"Ridenour, Anna M.","MATH 1110 ET1, CRN-21096",M,"Web Only: Incl Proctored Exams","High School"
202620,"Spring Term 2026",Undergraduate,21098,MATH,1110,ET2,01,Active,"COLLEGE ALGEBRA LAB",TBA,TBA,"Multiple High Schools (ET)",ET,"-19 / 35 / 99999",1/12/2026,5/6/2026,"Singleton, Brit P.","MATH 1110 ET2, CRN-21098",M,"Web Only: Incl Proctored Exams","High School"
202620,"Spring Term 2026",Undergraduate,21089,MATH,1110,P01,01,Active,"COLLEGE ALGEBRA LAB",TBA,TBA,"Alma High School",AHS,"28 / 70 / 99999",1/12/2026,5/6/2026,"Bean, Garin","MATH 1110 P01, CRN-21089",M,,"High School"
202620,"Spring Term 2026",Undergraduate,21113,MATH,1110,P02,01,Active,"COLLEGE ALGEBRA LAB",TBA,TBA,"Bauxite High School",BHS,"5 / 15 / 99999",1/12/2026,5/6/2026,"Hilderbrand, Jennifer","MATH 1110 P02, CRN-21113",M,,"High School"
202620,"Spring Term 2026",Undergraduate,21121,MATH,1110,P03,01,Active,"COLLEGE ALGEBRA LAB",TBA,TBA,"Dardanelle High School",DHS,"-6 / 17 / 99999",1/12/2026,5/6/2026,"Parker, Meagan A.","MATH 1110 P03, CRN-21121",M,,"High School"
202620,"Spring Term 2026",Undergraduate,21128,MATH,1110,P04,01,Active,"COLLEGE ALGEBRA LAB",TBA,TBA,"Dover High School",DHS,"-5 / 0 / 99999",1/12/2026,5/6/2026,"Sumners, Jon T.","MATH 1110 P04, CRN-21128",M,,"High School"
202620,"Spring Term 2026",Undergraduate,21131,MATH,1110,P05,01,Active,"COLLEGE ALGEBRA LAB",TBA,TBA,"Greenwood High School",GHS,"-12 / 0 / 99999",1/12/2026,5/6/2026,"Billingsley, Daniel W.","MATH 1110 P05, CRN-21131",M,,"High School"
202620,"Spring Term 2026",Undergraduate,21162,MATH,1110,P06,01,Active,"COLLEGE ALGEBRA LAB",TBA,TBA,"Russellville High School",RHS,"0 / 10 / 99999",1/12/2026,5/6/2026,"Lachowsky, Jennifer A.","MATH 1110 P06, CRN-21162",M,,"High School"
202620,"Spring Term 2026",Undergraduate,21168,MATH,1110,P07,01,Active,"COLLEGE ALGEBRA LAB",TBA,TBA,"Van Buren High School",VBHS,"-12 / 0 / 99999",1/12/2026,5/6/2026,"Fudge, Danna L.","MATH 1110 P07, CRN-21168",M,,"High School"
202620,"Spring Term 2026",Undergraduate,21926,MATH,1110,P08,01,Active,"COLLEGE ALGEBRA LAB",TBA,TBA,"Greenwood High School",GHS,"9 / 25 / 99999",1/12/2026,5/6/2026,"Billingsley, Daniel W.","MATH 1110 P08, CRN-21926",M,,"High School"
202620,"Spring Term 2026",Undergraduate,21928,MATH,1110,P09,01,Active,"COLLEGE ALGEBRA LAB",TBA,TBA,"Greenwood High School",GHS,"-18 / 0 / 99999",1/12/2026,5/6/2026,"Billingsley, Daniel W.","MATH 1110 P09, CRN-21928",M,,"High School"
202620,"Spring Term 2026",Undergraduate,21930,MATH,1110,P10,01,Active,"COLLEGE ALGEBRA LAB",TBA,TBA,"Greenwood High School",GHS,"-12 / 0 / 99999",1/12/2026,5/6/2026,"Billingsley, Daniel W.","MATH 1110 P10, CRN-21930",M,,"High School"
202620,"Spring Term 2026",Undergraduate,20467,MATH,1113,001,01,Active,"COLLEGE ALGEBRA",MWF,"11:00 am-11:50 am",Corley,104,"-19 / 0 / 36",1/12/2026,5/6/2026,"Hogan, Jessica L.","MATH 1113 001, CRN-20467",M,,"Russellville On-campus"
202620,"Spring Term 2026",Undergraduate,20453,MATH,1113,002,01,Active,"COLLEGE ALGEBRA",TR,"08:00 am-09:20 am",Corley,104,"-19 / 0 / 36",1/12/2026,5/6/2026,"Winn, Janet L.","MATH 1113 002, CRN-20453",M,,"Russellville On-campus"
202620,"Spring Term 2026",Undergraduate,20482,MATH,1113,003,01,Active,"COLLEGE ALGEBRA",MWF,"01:00 pm-01:50 pm",Rothwell,221,"-23 / 0 / 50",1/12/2026,5/6/2026,"Growns, Landon C.","MATH 1113 003, CRN-20482",M,,"Russellville On-campus"
202620,"Spring Term 2026",Undergraduate,20455,MATH,1113,006,01,Active,"COLLEGE ALGEBRA",TR,"09:30 am-10:50 am",Corley,104,"17 / 30 / 36",1/12/2026,5/6/2026,"Taylor, Teresa L.","MATH 1113 006, CRN-20455",M,,"Russellville On-campus"
202620,"Spring Term 2026",Undergraduate,20959,MATH,1113,A01,01,Active,"COLLEGE ALGEBRA",MW,"08:00 am-09:20 am","Ozark Allied Health",111,"17 / 23 / 28",1/12/2026,5/6/2026,"Koone, Shelley D.","MATH 1113 A01, CRN-20959",M,,"Ozark On-campus"
202620,"Spring Term 2026",Undergraduate,20959,MATH,1113,A01,01,Active,"COLLEGE ALGEBRA",MW,"08:00 am-09:20 am","Ozark Allied Health",111,"17 / 23 / 28",1/12/2026,5/6/2026,"Ingram, Brianna R.","MATH 1113 A01, CRN-20959",M,,"Ozark On-campus"
202620,"Spring Term 2026",Undergraduate,20959,MATH,1113,A01,01,Active,"COLLEGE ALGEBRA",MW,"08:00 am-09:20 am","Ozark Allied Health",111,"17 / 23 / 28",1/12/2026,5/6/2026,"Macy, Benjamin A.","MATH 1113 A01, CRN-20959",M,,"Ozark On-campus"
202620,"Spring Term 2026",Undergraduate,20961,MATH,1113,A02,,Canceled,"COLLEGE ALGEBRA",TBA,TBA,Unassigned,Unassigned,"0 / 0 / na",,,Staff,"MATH 1113 A02, CRN-20961",M,,"Russellville - Location Indeterminate"
202620,"Spring Term 2026",Undergraduate,20963,MATH,1113,A03,01,Active,"COLLEGE ALGEBRA",R,"05:00 pm-07:50 pm","Ozark Allied Health",111,"21 / 23 / 28",1/12/2026,5/6/2026,"Koone, Shelley D.","MATH 1113 A03, CRN-20963",M,,"Ozark On-campus"
202620,"Spring Term 2026",Undergraduate,21095,MATH,1113,ET1,01,Active,"COLLEGE ALGEBRA",TBA,TBA,"Multiple High Schools (ET)",ET,"13 / 71 / 99999",1/12/2026,5/6/2026,"Ridenour, Anna M.","MATH 1113 ET1, CRN-21095",M,"Web Only: Incl Proctored Exams","High School"
202620,"Spring Term 2026",Undergraduate,21097,MATH,1113,ET2,01,Active,"COLLEGE ALGEBRA",TBA,TBA,"Multiple High Schools (ET)",ET,"-19 / 35 / 99999",1/12/2026,5/6/2026,"Singleton, Brit P.","MATH 1113 ET2, CRN-21097",M,"Web Only: Incl Proctored Exams","High School"
202620,"Spring Term 2026",Undergraduate,20470,MATH,1113,F01,01,Active,"COLLEGE ALGEBRA",TBA,TBA,Unassigned,Unassigned,"12 / 30 / na",1/12/2026,5/6/2026,"Hogan, Jessica L.","MATH 1113 F01, CRN-20470",M,"Hyflex Scheduling Section","Russellville - Location Indeterminate"
202620,"Spring Term 2026",Undergraduate,20470,MATH,1113,F01,01,Active,"COLLEGE ALGEBRA",MWF,"10:00 am-10:50 am",Corley,269,"12 / 30 / 36",1/12/2026,5/6/2026,"Hogan, Jessica L.","MATH 1113 F01, CRN-20470",M,"Hyflex Scheduling Section","Russellville On-campus"
202620,"Spring Term 2026",Undergraduate,21088,MATH,1113,P01,01,Active,"COLLEGE ALGEBRA",TBA,TBA,"Alma High School",AHS,"28 / 70 / 99999",1/12/2026,5/6/2026,"Bean, Garin","MATH 1113 P01, CRN-21088",M,,"High School"
202620,"Spring Term 2026",Undergraduate,21112,MATH,1113,P02,01,Active,"COLLEGE ALGEBRA",TBA,TBA,"Bauxite High School",BHS,"5 / 15 / 99999",1/12/2026,5/6/2026,"Hilderbrand, Jennifer","MATH 1113 P02, CRN-21112",M,,"High School"
202620,"Spring Term 2026",Undergraduate,21120,MATH,1113,P03,01,Active,"COLLEGE ALGEBRA",TBA,TBA,"Dardanelle High School",DHS,"-6 / 17 / 99999",1/12/2026,5/6/2026,"Parker, Meagan A.","MATH 1113 P03, CRN-21120",M,,"High School"
202620,"Spring Term 2026",Undergraduate,21127,MATH,1113,P04,01,Active,"COLLEGE ALGEBRA",TBA,TBA,"Dover High School",DHS,"-5 / 0 / 99999",1/12/2026,5/6/2026,"Sumners, Jon T.","MATH 1113 P04, CRN-21127",M,,"High School"
202620,"Spring Term 2026",Undergraduate,21130,MATH,1113,P05,01,Active,"COLLEGE ALGEBRA",TBA,TBA,"Greenwood High School",GHS,"-12 / 0 / 99999",1/12/2026,5/6/2026,"Billingsley, Daniel W.","MATH 1113 P05, CRN-21130",M,,"High School"
202620,"Spring Term 2026",Undergraduate,21161,MATH,1113,P06,01,Active,"COLLEGE ALGEBRA",TBA,TBA,"Russellville High School",RHS,"0 / 10 / 99999",1/12/2026,5/6/2026,"Lachowsky, Jennifer A.","MATH 1113 P06, CRN-21161",M,,"High School"
202620,"Spring Term 2026",Undergraduate,21167,MATH,1113,P07,01,Active,"COLLEGE ALGEBRA",TBA,TBA,"Van Buren High School",VBHS,"-12 / 0 / 99999",1/12/2026,5/6/2026,"Fudge, Danna L.","MATH 1113 P07, CRN-21167",M,,"High School"
202620,"Spring Term 2026",Undergraduate,21925,MATH,1113,P08,01,Active,"COLLEGE ALGEBRA",TBA,TBA,"Greenwood High School",GHS,"4 / 20 / 99999",1/12/2026,5/6/2026,"Billingsley, Daniel W.","MATH 1113 P08, CRN-21925",M,,"High School"
202620,"Spring Term 2026",Undergraduate,21927,MATH,1113,P09,01,Active,"COLLEGE ALGEBRA",TBA,TBA,"Greenwood High School",GHS,"-18 / 0 / 99999",1/12/2026,5/6/2026,"Billingsley, Daniel W.","MATH 1113 P09, CRN-21927",M,,"High School"
202620,"Spring Term 2026",Undergraduate,21929,MATH,1113,P10,01,Active,"COLLEGE ALGEBRA",TBA,TBA,"Greenwood High School",GHS,"-12 / 0 / 99999",1/12/2026,5/6/2026,"Billingsley, Daniel W.","MATH 1113 P10, CRN-21929",M,,"High School"
202620,"Spring Term 2026",Undergraduate,20469,MATH,1113,TC1,01,Active,"COLLEGE ALGEBRA",TBA,TBA,Unassigned,Unassigned,"-5 / 0 / na",1/12/2026,5/6/2026,"Hogan, Jessica L.","MATH 1113 TC1, CRN-20469",M,"Web Only: Incl Proctored Exams","Russellville - Location Indeterminate"
202620,"Spring Term 2026",Undergraduate,20485,MATH,1113,TC2,01,Active,"COLLEGE ALGEBRA",TBA,TBA,Unassigned,Unassigned,"23 / 32 / na",1/12/2026,5/6/2026,"Ballard, Kasey L.","MATH 1113 TC2, CRN-20485",M,"Web Only: Incl Proctored Exams","Russellville - Location Indeterminate"
202620,"Spring Term 2026",Undergraduate,21086,MATH,1203,P01,01,Active,"PLANE TRIGONOMETRY",TBA,TBA,"Alma High School",AHS,"1 / 38 / 99999",1/12/2026,5/6/2026,"Bean, Garin","MATH 1203 P01, CRN-21086",M,,"High School"
202620,"Spring Term 2026",Undergraduate,21129,MATH,1203,P02,01,Active,"PLANE TRIGONOMETRY",TBA,TBA,"Dover High School",DHS,"-2 / 0 / 99999",1/12/2026,5/6/2026,"Sumners, Jon T.","MATH 1203 P02, CRN-21129",M,,"High School"
202620,"Spring Term 2026",Undergraduate,21160,MATH,1203,P03,01,Active,"PLANE TRIGONOMETRY",TBA,TBA,"Russellville High School",RHS,"10 / 81 / 99999",1/12/2026,5/6/2026,"Lachowsky, Jennifer A.","MATH 1203 P03, CRN-21160",M,,"High School"
202620,"Spring Term 2026",Undergraduate,21165,MATH,1203,P04,01,Active,"PLANE TRIGONOMETRY",TBA,TBA,"Valley Christian School",VCS,"3 / 5 / 999",1/12/2026,5/6/2026,"Mashburn, Marlena J.","MATH 1203 P04, CRN-21165",M,,"High School"
202620,"Spring Term 2026",Undergraduate,21169,MATH,1203,P05,01,Active,"PLANE TRIGONOMETRY",TBA,TBA,"Van Buren High School",VBHS,"4 / 41 / 99999",1/12/2026,5/6/2026,"Salyer, Kellie S.","MATH 1203 P05, CRN-21169",M,,"High School"
202620,"Spring Term 2026",Undergraduate,21890,MATH,1203,P06,01,Active,"PLANE TRIGONOMETRY",TBA,TBA,"Greenwood High School",GHS,"1 / 16 / 99999",1/12/2026,5/6/2026,"Holland, Jeremy K.","MATH 1203 P06, CRN-21890",M,,"High School"
202620,"Spring Term 2026",Undergraduate,21891,MATH,1203,P07,01,Active,"PLANE TRIGONOMETRY",TBA,TBA,"Greenwood High School",GHS,"3 / 25 / 99999",1/12/2026,5/6/2026,"Holland, Jeremy K.","MATH 1203 P07, CRN-21891",M,,"High School"
202620,"Spring Term 2026",Undergraduate,21892,MATH,1203,P08,01,Active,"PLANE TRIGONOMETRY",TBA,TBA,"Greenwood High School",GHS,"4 / 24 / 99999",1/12/2026,5/6/2026,"Holland, Jeremy K.","MATH 1203 P08, CRN-21892",M,,"High School"
202620,"Spring Term 2026",Undergraduate,21955,MATH,1203,P09,01,Active,"PLANE TRIGONOMETRY",TBA,TBA,"Van Buren High School",VBHS,"-2 / 67 / 99999",1/12/2026,5/6/2026,"Fudge, Danna L.","MATH 1203 P09, CRN-21955",M,,"High School"
202620,"Spring Term 2026",Undergraduate,20489,MATH,1203,TC1,01,Active,"PLANE TRIGONOMETRY",TBA,TBA,Unassigned,Unassigned,"14 / 25 / na",1/12/2026,5/6/2026,"Bain, Leslie M.","MATH 1203 TC1, CRN-20489",M,"Web Only: Incl Proctored Exams","Russellville - Location Indeterminate"
202620,"Spring Term 2026",Undergraduate,20498,MATH,1914,001,01,Active,PRECALCULUS,MWF,"08:00 am-08:50 am",Corley,101,"13 / 30 / 42",1/12/2026,5/6/2026,"Cox, Allie M.","MATH 1914 001, CRN-20498",M,,"Russellville On-campus"
202620,"Spring Term 2026",Undergraduate,20498,MATH,1914,001,01,Active,PRECALCULUS,T,"09:30 am-10:50 am",Corley,101,"13 / 30 / 42",1/12/2026,5/6/2026,"Cox, Allie M.","MATH 1914 001, CRN-20498",M,,"Russellville On-campus"
202620,"Spring Term 2026",Undergraduate,20486,MATH,1914,003,01,Active,PRECALCULUS,R,"09:30 am-10:50 am",Corley,102,"21 / 30 / 32",1/12/2026,5/6/2026,"Ballard, Kasey L.","MATH 1914 003, CRN-20486",M,,"Russellville On-campus"
202620,"Spring Term 2026",Undergraduate,20486,MATH,1914,003,01,Active,PRECALCULUS,MWF,"10:00 am-10:50 am",Corley,268,"21 / 30 / 36",1/12/2026,5/6/2026,"Ballard, Kasey L.","MATH 1914 003, CRN-20486",M,,"Russellville On-campus"
202620,"Spring Term 2026",Undergraduate,21134,MATH,1914,P01,01,Active,PRECALCULUS,TBA,TBA,"Maumelle Charter High School",MCHS,"0 / 4 / 9999",1/12/2026,5/6/2026,"King, William H.","MATH 1914 P01, CRN-21134",M,,"High School"
202620,"Spring Term 2026",Undergraduate,20456,MATH,2033,001,01,Active,"MATH CONCEPTS I",MWF,"10:00 am-10:50 am",Corley,102,"11 / 25 / 32",1/12/2026,5/6/2026,"Taylor, Teresa L.","MATH 2033 001, CRN-20456",M,,"Russellville On-campus"
202620,"Spring Term 2026",Undergraduate,20457,MATH,2043,001,01,Active,"MATH CONCEPTS II",MWF,"09:00 am-09:50 am",Corley,102,"1 / 25 / 32",1/12/2026,5/6/2026,"Taylor, Teresa L.","MATH 2043 001, CRN-20457",M,,"Russellville On-campus"
202620,"Spring Term 2026",Undergraduate,20458,MATH,2043,TC1,01,Active,"MATH CONCEPTS II",TBA,TBA,Unassigned,Unassigned,"9 / 25 / na",1/12/2026,5/6/2026,"Taylor, Teresa L.","MATH 2043 TC1, CRN-20458",M,"Web Only: Incl Proctored Exams","Russellville - Location Indeterminate"
202620,"Spring Term 2026",Undergraduate,20501,MATH,2223,001,01,Active,"QUANTITATIVE BUSINESS ANALYSIS",MWF,"11:00 am-11:50 am",Corley,103,"12 / 30 / 36",1/12/2026,5/6/2026,"Cox, Allie M.","MATH 2223 001, CRN-20501",M,,"Russellville On-campus"
202620,"Spring Term 2026",Undergraduate,20502,MATH,2223,002,01,Active,"QUANTITATIVE BUSINESS ANALYSIS",TR,"11:00 am-12:20 pm",Corley,103,"5 / 30 / 36",1/12/2026,5/6/2026,"Cox, Allie M.","MATH 2223 002, CRN-20502",M,,"Russellville On-campus"
202620,"Spring Term 2026",Undergraduate,20503,MATH,2223,003,01,Active,"QUANTITATIVE BUSINESS ANALYSIS",MWF,"10:00 am-10:50 am",Corley,103,"14 / 30 / 36",1/12/2026,5/6/2026,"Cox, Allie M.","MATH 2223 003, CRN-20503",M,,"Russellville On-campus"
202620,"Spring Term 2026",Undergraduate,20505,MATH,2223,TC1,01,Active,"QUANTITATIVE BUSINESS ANALYSIS",TBA,TBA,Unassigned,Unassigned,"14 / 30 / na",1/12/2026,5/6/2026,"Cox, Allie M.","MATH 2223 TC1, CRN-20505",M,"Web Only: Incl Proctored Exams","Russellville - Location Indeterminate"
202620,"Spring Term 2026",Undergraduate,20528,MATH,2243,001,01,Active,CALCULUS-BUSINESS/ECON,MWF,"01:00 pm-01:50 pm",Corley,104,"15 / 30 / 36",1/12/2026,5/6/2026,"Overduin, Matthew D.","MATH 2243 001, CRN-20528",M,,"Russellville On-campus"
202620,"Spring Term 2026",Undergraduate,20529,MATH,2243,002,01,Active,CALCULUS-BUSINESS/ECON,TR,"09:30 am-10:50 am","Ross Pendergraft Library",220,"4 / 25 / 30",1/12/2026,5/6/2026,"Overduin, Matthew D.","MATH 2243 002, CRN-20529",M,,"Russellville On-campus"
202620,"Spring Term 2026",Undergraduate,20506,MATH,2703,001,01,Active,"DISCRETE MATHEMATICS",MWF,"10:00 am-10:50 am",Corley,101,"5 / 30 / 42",1/12/2026,5/6/2026,"Jordan, Susan M.","MATH 2703 001, CRN-20506",M,,"Russellville On-campus"
202620,"Spring Term 2026",Undergraduate,20520,MATH,2703,002,01,Active,"DISCRETE MATHEMATICS",TR,"11:00 am-12:20 pm",Rothwell,206,"-1 / 30 / 32",1/12/2026,5/6/2026,"Limperis, Thomas G.","MATH 2703 002, CRN-20520",M,,"Russellville On-campus"
202620,"Spring Term 2026",Undergraduate,20530,MATH,2703,TC1,01,Active,"DISCRETE MATHEMATICS",TBA,TBA,Unassigned,Unassigned,"14 / 30 / na",1/12/2026,5/6/2026,"Jordan, Susan M.","MATH 2703 TC1, CRN-20530",M,"Web Only: Incl Proctored Exams","Russellville - Location Indeterminate"
202620,"Spring Term 2026",Undergraduate,20508,MATH,2914,001,01,Active,"CALCULUS I",MWF,"09:00 am-09:50 am",Corley,101,"3 / 30 / 42",1/12/2026,5/6/2026,"Jordan, Susan M.","MATH 2914 001, CRN-20508",M,,"Russellville On-campus"
202620,"Spring Term 2026",Undergraduate,20508,MATH,2914,001,01,Active,"CALCULUS I",R,"09:30 am-10:50 am",Corley,101,"3 / 30 / 42",1/12/2026,5/6/2026,"Jordan, Susan M.","MATH 2914 001, CRN-20508",M,,"Russellville On-campus"
202620,"Spring Term 2026",Undergraduate,20511,MATH,2914,002,01,Active,"CALCULUS I",R,"01:00 pm-02:20 pm",Corley,101,"17 / 30 / 42",1/12/2026,5/6/2026,"Jordan, Susan M.","MATH 2914 002, CRN-20511",M,,"Russellville On-campus"
202620,"Spring Term 2026",Undergraduate,20511,MATH,2914,002,01,Active,"CALCULUS I",MWF,"01:00 pm-01:50 pm",Corley,101,"17 / 30 / 42",1/12/2026,5/6/2026,"Jordan, Susan M.","MATH 2914 002, CRN-20511",M,,"Russellville On-campus"
202620,"Spring Term 2026",Undergraduate,20513,MATH,2914,003,01,Canceled,"CALCULUS I",MWF,"02:00 pm-02:50 pm",Corley,101,"30 / 30 / 42",1/12/2026,5/6/2026,Staff,"MATH 2914 003, CRN-20513",M,,"Russellville On-campus"
202620,"Spring Term 2026",Undergraduate,20513,MATH,2914,003,01,Canceled,"CALCULUS I",R,"02:30 pm-03:50 pm",Corley,101,"30 / 30 / 42",1/12/2026,5/6/2026,Staff,"MATH 2914 003, CRN-20513",M,,"Russellville On-campus"
202620,"Spring Term 2026",Undergraduate,20524,MATH,2924,001,01,Active,"CALCULUS II",MWF,"01:00 pm-01:50 pm",Corley,102,"14 / 30 / 32",1/12/2026,5/6/2026,"Myers, Jeanine L.","MATH 2924 001, CRN-20524",M,,"Russellville On-campus"
202620,"Spring Term 2026",Undergraduate,20524,MATH,2924,001,01,Active,"CALCULUS II",R,"01:00 pm-02:20 pm",Corley,102,"14 / 30 / 32",1/12/2026,5/6/2026,"Myers, Jeanine L.","MATH 2924 001, CRN-20524",M,,"Russellville On-campus"
202620,"Spring Term 2026",Undergraduate,20521,MATH,2924,002,01,Active,"CALCULUS II",MWF,"12:00 pm-12:50 pm",Rothwell,206,"-3 / 32 / 32",1/12/2026,5/6/2026,"Limperis, Thomas G.","MATH 2924 002, CRN-20521",M,,"Russellville On-campus"
202620,"Spring Term 2026",Undergraduate,20521,MATH,2924,002,01,Active,"CALCULUS II",T,"01:00 pm-02:20 pm",Rothwell,206,"-3 / 32 / 32",1/12/2026,5/6/2026,"Limperis, Thomas G.","MATH 2924 002, CRN-20521",M,,"Russellville On-campus"
202620,"Spring Term 2026",Undergraduate,20522,MATH,2924,003,01,Active,"CALCULUS II",MWF,"10:00 am-10:50 am",Rothwell,306,"3 / 30 / 40",1/12/2026,5/6/2026,"Limperis, Thomas G.","MATH 2924 003, CRN-20522",M,,"Russellville On-campus"
202620,"Spring Term 2026",Undergraduate,20522,MATH,2924,003,01,Active,"CALCULUS II",R,"09:30 am-10:50 am",Rothwell,206,"3 / 30 / 32",1/12/2026,5/6/2026,"Limperis, Thomas G.","MATH 2924 003, CRN-20522",M,,"Russellville On-campus"
202620,"Spring Term 2026",Undergraduate,20525,MATH,2934,001,01,Active,"CALCULUS III",T,"09:30 am-10:50 am",Rothwell,207,"16 / 30 / 43",1/12/2026,5/6/2026,"Myers, Jeanine L.","MATH 2934 001, CRN-20525",M,,"Russellville On-campus"
202620,"Spring Term 2026",Undergraduate,20525,MATH,2934,001,01,Active,"CALCULUS III",MWF,"10:00 am-10:50 am",Rothwell,207,"16 / 30 / 43",1/12/2026,5/6/2026,"Myers, Jeanine L.","MATH 2934 001, CRN-20525",M,,"Russellville On-campus"
202620,"Spring Term 2026",Undergraduate,20526,MATH,2934,002,01,Active,"CALCULUS III",MWF,"11:00 am-11:50 am",Corley,101,"-3 / 30 / 42",1/12/2026,5/6/2026,"Myers, Jeanine L.","MATH 2934 002, CRN-20526",M,,"Russellville On-campus"
202620,"Spring Term 2026",Undergraduate,20526,MATH,2934,002,01,Active,"CALCULUS III",R,"11:00 am-12:20 pm",Corley,101,"-3 / 30 / 42",1/12/2026,5/6/2026,"Myers, Jeanine L.","MATH 2934 002, CRN-20526",M,,"Russellville On-campus"
202620,"Spring Term 2026",Undergraduate,20459,MATH,3033,001,01,Active,"METH TEACH ELEM MATH",TR,"11:00 am-12:20 pm",Corley,102,"14 / 25 / 32",1/12/2026,5/6/2026,"Taylor, Teresa L.","MATH 3033 001, CRN-20459",M,,"Russellville On-campus"
202620,"Spring Term 2026",Undergraduate,20460,MATH,3033,AT1,01,Canceled,"METH TEACH ELEM MATH",TBA,TBA,Unassigned,Unassigned,"25 / 25 / na",1/12/2026,5/6/2026,Staff,"MATH 3033 AT1, CRN-20460",M,"Web Only: Incl Proctored Exams","Russellville - Location Indeterminate"
202620,"Spring Term 2026",Undergraduate,20531,MATH,3123,001,01,Active,"COLLEGE GEOMETRY",MWF,"02:00 pm-02:50 pm",Corley,102,"20 / 25 / 32",1/12/2026,5/6/2026,"Overduin, Matthew D.","MATH 3123 001, CRN-20531",M,,"Russellville On-campus"
202620,"Spring Term 2026",Undergraduate,20527,MATH,3203,001,01,Active,"INTRO TO ANALYSIS",MWF,"08:00 am-08:50 am",Corley,268,"17 / 30 / 36",1/12/2026,5/6/2026,"Myers, Jeanine L.","MATH 3203 001, CRN-20527",M,,"Russellville On-campus"
202620,"Spring Term 2026",Undergraduate,21939,MATH,3203,H01,01,Active,"HONORS INTRO TO ANALYSIS",MWF,"08:00 am-08:50 am",Corley,268,"-2 / 0 / 36",1/12/2026,5/6/2026,"Myers, Jeanine L.","MATH 3203 H01, CRN-21939",M,,"Russellville On-campus"
202620,"Spring Term 2026",Undergraduate,20446,MATH,3243,001,01,Active,"DIFF EQUATIONS I",MWF,"10:00 am-10:50 am",Rothwell,206,"4 / 30 / 32",1/12/2026,5/6/2026,"Xiao, Xinli","MATH 3243 001, CRN-20446",M,,"Russellville On-campus"
202620,"Spring Term 2026",Undergraduate,20523,MATH,3243,002,01,Active,"DIFF EQUATIONS I",MWF,"09:00 am-09:50 am",Rothwell,212,"-1 / 33 / 56",1/12/2026,5/6/2026,"Limperis, Thomas G.","MATH 3243 002, CRN-20523",M,,"Russellville On-campus"
202620,"Spring Term 2026",Undergraduate,20447,MATH,4003,001,01,Active,"LINEAR ALGEBRA I",MWF,"09:00 am-09:50 am",Rothwell,206,"3 / 30 / 32",1/12/2026,5/6/2026,"Xiao, Xinli","MATH 4003 001, CRN-20447",M,,"Russellville On-campus"
202620,"Spring Term 2026",Undergraduate,20448,MATH,4971,001,01,Active,"MATHEMATICS SENIOR SEMINAR",T,"11:00 am-12:20 pm",Corley,101,"4 / 10 / 42",1/12/2026,5/6/2026,"Xiao, Xinli","MATH 4971 001, CRN-20448",M,,"Russellville On-campus"
202620,"Spring Term 2026",Undergraduate,21948,MATH,4993,001,01,Active,"SP: MATHEMATICAL MODELING",TBA,TBA,Unassigned,Unassigned,"-2 / 0 / na",1/12/2026,5/6/2026,"Limperis, Thomas G.","MATH 4993 001, CRN-21948",M,,"Russellville - Location Indeterminate"
202620,"Spring Term 2026",Graduate,20536,MATH,5173,TC1,01,Active,"ADVANCED BIOSTATISTICS",TBA,TBA,Unassigned,Unassigned,"10 / 10 / na",1/12/2026,5/6/2026,"Jordan, Scott M.","MATH 5173 TC1, CRN-20536",M,"Web Only: Incl Proctored Exams","Russellville - Location Indeterminate"
202620,"Spring Term 2026",Undergraduate,20465,STAT,2163,001,01,Active,"INTRO/STATISTICAL METHODS",MWF,"10:00 am-10:50 am",Rothwell,221,"1 / 30 / 50",1/12/2026,5/6/2026,"King, Jamie L.","STAT 2163 001, CRN-20465",M,,"Russellville On-campus"
202620,"Spring Term 2026",Undergraduate,20490,STAT,2163,002,01,Active,"INTRO/STATISTICAL METHODS",MWF,"09:00 am-09:50 am",Corley,104,"3 / 31 / 36",1/12/2026,5/6/2026,"Bain, Leslie M.","STAT 2163 002, CRN-20490",M,,"Russellville On-campus"
202620,"Spring Term 2026",Undergraduate,20492,STAT,2163,003,01,Active,"INTRO/STATISTICAL METHODS",TR,"01:00 pm-02:20 pm",Corley,104,"2 / 30 / 36",1/12/2026,5/6/2026,"Bain, Leslie M.","STAT 2163 003, CRN-20492",M,,"Russellville On-campus"
202620,"Spring Term 2026",Undergraduate,21132,STAT,2163,P01,01,Active,"INTRO/STATISTICAL METHODS",TBA,TBA,"Greenwood High School",GHS,"-1 / 22 / 99999",1/12/2026,5/6/2026,"Holland, Jeremy K.","STAT 2163 P01, CRN-21132",M,,"High School"
202620,"Spring Term 2026",Undergraduate,21139,STAT,2163,P02,01,Active,"INTRO/STATISTICAL METHODS",TBA,TBA,"Prairie Grove High School",PGHS,"-1 / 38 / 999",1/12/2026,5/6/2026,"Hubbard, Evan D.","STAT 2163 P02, CRN-21139",M,,"High School"
202620,"Spring Term 2026",Undergraduate,21893,STAT,2163,P03,01,Active,"INTRO/STATISTICAL METHODS",TBA,TBA,"Greenwood High School",GHS,"1 / 21 / 99999",1/12/2026,5/6/2026,"Holland, Jeremy K.","STAT 2163 P03, CRN-21893",M,,"High School"
202620,"Spring Term 2026",Undergraduate,20493,STAT,2163,TC1,01,Active,"INTRO/STATISTICAL METHODS",TBA,TBA,Unassigned,Unassigned,"7 / 31 / na",1/12/2026,5/6/2026,"Bain, Leslie M.","STAT 2163 TC1, CRN-20493",M,"Web Only: Incl Proctored Exams","Russellville - Location Indeterminate"
202620,"Spring Term 2026",Undergraduate,20494,STAT,2163,TC2,01,Active,"INTRO/STATISTICAL METHODS",TBA,TBA,Unassigned,Unassigned,"13 / 32 / na",1/12/2026,5/6/2026,"Bain, Leslie M.","STAT 2163 TC2, CRN-20494",M,"Web Only: Incl Proctored Exams","Russellville - Location Indeterminate"
202620,"Spring Term 2026",Undergraduate,20449,STAT,3113,001,01,Active,"REGRESSION ANALYSIS",MWF,"11:00 am-11:50 am",Rothwell,213,"15 / 30 / 40",1/12/2026,5/6/2026,"Xiao, Xinli","STAT 3113 001, CRN-20449",M,,"Russellville On-campus"
202620,"Spring Term 2026",Undergraduate,20532,STAT,3153,001,01,Active,"APPLIED STATISTICS",MWF,"09:00 am-09:50 am",Rothwell,207,"-1 / 30 / 43",1/12/2026,5/6/2026,"Jordan, Scott M.","STAT 3153 001, CRN-20532",M,,"Russellville On-campus"
202620,"Spring Term 2026",Undergraduate,20533,STAT,3153,002,01,Active,"APPLIED STATISTICS",MWF,"11:00 am-11:50 am",Corley,102,"5 / 30 / 32",1/12/2026,5/6/2026,"Jordan, Scott M.","STAT 3153 002, CRN-20533",M,,"Russellville On-campus"
202620,"Spring Term 2026",Undergraduate,20534,STAT,3183,001,01,Active,"STATISTICAL PROCESS CONTROL",MWF,"01:00 pm-01:50 pm",Rothwell,213,"1 / 32 / 40",1/12/2026,5/6/2026,"Jordan, Scott M.","STAT 3183 001, CRN-20534",M,,"Russellville On-campus"
202620,"Spring Term 2026",Undergraduate,20535,STAT,4173,TC1,01,Active,"ADVANCED BIOSTATISTICS",TBA,TBA,Unassigned,Unassigned,"5 / 15 / na",1/12/2026,5/6/2026,"Jordan, Scott M.","STAT 4173 TC1, CRN-20535",M,"Web Only: Incl Proctored Exams","Russellville - Location Indeterminate"